<?xml version="1.0" encoding="UTF-8" ?>
<!DOCTYPE mapper
        PUBLIC "-//mybatis.org//DTD Mapper 3.0//EN"
        "http://mybatis.org/dtd/mybatis-3-mapper.dtd">
<mapper namespace="com.example.springboot.mapper.DfMapper">
    <select id="list" resultType="com.example.springboot.entity.Df">
        select * from df
    </select>
    <select id="add" resultType="com.example.springboot.entity.Df">
        insert into df(name,value,type,address,card,phone,number,state)values (#{name},#{value},#{type},#{address},#{card},#{phone},#{number},'已预约')
    </select>
    <select id="listByCondition" resultType="com.example.springboot.entity.Df">
        select * from df
        <where>
            <if test="card !=null and card !=''">
                card like concat('%', #{ card }, '%')
            </if>
        </where>

    </select>
    <update id="updateById">
        update df set  state ='已转订单' where id = #{id}
    </update>
    <select id="getById" resultType="com.example.springboot.entity.Df">
        select * from df where id = #{id}
    </select>
    <delete id="deleteById">
        delete from df where id = #{id}
    </delete>

<!--<select id="listByCondition" resultType="com.example.demo.entity.Admin">-->
<!--    select * from admin-->
<!--<where>-->
<!--    <if test="username !=null and username !=''">-->
<!--        username like concat('%', #{ username }, '%')-->
<!--    </if>-->
<!--</where>-->

<!--</select>-->
<!--    <update id="updateByID">-->
<!--        update user set username = #{username},  identity = #{identity } where id = #{id}-->
<!--    </update>-->
<!--    <select id="getByID" resultType="com.example.demo.entity.User">-->
<!--        select * from user where id = #{id}-->
<!--    </select>-->
<!--    <delete id="deleteById">-->
<!--        delete from user where id = #{id}-->
<!--    </delete>-->
<!--    <select id="getByUsernameAndPassword" resultType="com.example.springboot.entity.Admin">-->
<!--        select * from admin where username=#{username} and password=#{password}-->
<!--    </select>-->
</mapper>